"source","target","ligand","receptor","prob","pval","interaction_name","interaction_name_2","pathway_name","annotation","evidence","datasets","ligand.logFC","ligand.pct.1","ligand.pct.2","ligand.pvalues","receptor.logFC","receptor.pct.1","receptor.pct.2","receptor.pvalues"
"Fibroblast 4","Fibroblast 4","Tgfb1","ACVR1_TGFbR",0.0138585970648087,0,"TGFB1_ACVR1_TGFBR1","Tgfb1  - (Acvr1+Tgfbr1)","TGFb","Secreted Signaling","PMID: 29376829","Expanded",0.120871838202314,77.8546712802768,64.1221374045801,0.0250130332103836,-0.224209501359884,64.5328719723183,65.6488549618321,0.020848265080955
"keratinocytes_basal","Fibroblast 4","Bmp7","ACVR1_BMPR2",0.00133328093432535,0,"BMP7_ACVR1_BMPR2","Bmp7  - (Acvr1+Bmpr2)","BMP","Secreted Signaling","KEGG: mmu04350; PMID:26893264","Expanded",0.110104938843341,50.1121076233184,31.5994798439532,7.32238306822743e-12,0.067666520515807,50.5190311418685,36.6412213740458,0.0416965301616944
"keratinocytes_basal","keratinocytes_basal","Bmp7","BMPR1A_ACVR2A",0.00169230468780763,0,"BMP7_BMPR1A_ACVR2A","Bmp7  - (Bmpr1a+Acvr2a)","BMP","Secreted Signaling","KEGG: mmu04350; PMID:26893264","Expanded",0.110104938843341,50.1121076233184,31.5994798439532,7.32238306822743e-12,NA,NA,NA,NA
"Fibroblast 4","keratinocytes_basal","Inhba","ACVR1B_ACVR2A",0.00117591202609004,0,"INHBA_ACVR1B_ACVR2A","Inhba  - (Acvr1b+Acvr2a)","ACTIVIN","Secreted Signaling","KEGG: mmu04350","Expanded",0.585613644635093,73.0103806228374,48.0916030534351,5.20818680775884e-08,NA,NA,NA,NA
"Fibroblast 4","keratinocytes_basal","Inhbb","ACVR1B_ACVR2A",0.000769969082834081,0,"INHBB_ACVR1B_ACVR2A","Inhbb  - (Acvr1b+Acvr2a)","ACTIVIN","Secreted Signaling","KEGG: mmu04350","Expanded",0.206424464170447,67.1280276816609,54.1984732824427,0.00246100603428205,NA,NA,NA,NA
"Fibroblast 4","keratinocytes_basal","Activin AB","ACVR1B_ACVR2A",0.000951581992024119,0,"INHBABB_ACVR1B_ACVR2A","Inhbabb  - (Acvr1b+Acvr2a)","ACTIVIN","Secreted Signaling","PMID: 2457849; PMID: 22991378","Expanded",0.39601905440277,70.0692041522491,51.1450381679389,0.00123052905807507,NA,NA,NA,NA
"keratinocytes_basal","keratinocytes_basal","Wnt10a","FZD1_LRP5",0.000490692846958752,0,"WNT10A_FZD1_LRP5","Wnt10a  - (Fzd1+Lrp5)","WNT","Secreted Signaling","KEGG: mmu04310; PMID: 23209147","Expanded",0.129116871995311,57.7354260089686,34.5903771131339,5.45638010945093e-13,NA,NA,NA,NA
"keratinocytes_basal","keratinocytes_basal","Wnt10a","FZD10_LRP5",0.000362530201370602,0,"WNT10A_FZD10_LRP5","Wnt10a  - (Fzd10+Lrp5)","WNT","Secreted Signaling","KEGG: mmu04310; PMID: 23209147","Expanded",0.129116871995311,57.7354260089686,34.5903771131339,5.45638010945093e-13,NA,NA,NA,NA
"keratinocytes_basal","keratinocytes_basal","Wnt10a","FZD2_LRP5",0.000364314905503905,0,"WNT10A_FZD2_LRP5","Wnt10a  - (Fzd2+Lrp5)","WNT","Secreted Signaling","KEGG: mmu04310; PMID: 23209147","Expanded",0.129116871995311,57.7354260089686,34.5903771131339,5.45638010945093e-13,NA,NA,NA,NA
"keratinocytes_basal","keratinocytes_basal","Wnt10a","FZD5_LRP5",0.000370268192778874,0,"WNT10A_FZD5_LRP5","Wnt10a  - (Fzd5+Lrp5)","WNT","Secreted Signaling","KEGG: mmu04310; PMID: 23209147","Expanded",0.129116871995311,57.7354260089686,34.5903771131339,5.45638010945093e-13,NA,NA,NA,NA
"keratinocytes_basal","keratinocytes_basal","Wnt10a","FZD6_LRP5",0.000464981618548887,0,"WNT10A_FZD6_LRP5","Wnt10a  - (Fzd6+Lrp5)","WNT","Secreted Signaling","KEGG: mmu04310; PMID: 23209147","Expanded",0.129116871995311,57.7354260089686,34.5903771131339,5.45638010945093e-13,NA,NA,NA,NA
"keratinocytes_basal","keratinocytes_basal","Wnt10a","FZD7_LRP5",0.000616362023940072,0,"WNT10A_FZD7_LRP5","Wnt10a  - (Fzd7+Lrp5)","WNT","Secreted Signaling","KEGG: mmu04310; PMID: 23209147","Expanded",0.129116871995311,57.7354260089686,34.5903771131339,5.45638010945093e-13,0.129079756609741,42.7130044843049,23.5370611183355,4.85651810402209e-14
"keratinocytes_basal","keratinocytes_basal","Wnt4","FZD1_LRP5",0.00104285247680719,0,"WNT4_FZD1_LRP5","Wnt4  - (Fzd1+Lrp5)","WNT","Secreted Signaling","KEGG: mmu04310; PMID: 23209147","Expanded",0.121115139644989,79.1479820627803,69.4408322496749,0.000118349331582508,NA,NA,NA,NA
"keratinocytes_basal","keratinocytes_basal","Wnt4","FZD10_LRP5",0.000770723732972428,0,"WNT4_FZD10_LRP5","Wnt4  - (Fzd10+Lrp5)","WNT","Secreted Signaling","KEGG: mmu04310; PMID: 23209147","Expanded",0.121115139644989,79.1479820627803,69.4408322496749,0.000118349331582508,NA,NA,NA,NA
"keratinocytes_basal","keratinocytes_basal","Wnt4","FZD2_LRP5",0.000774514425889933,0,"WNT4_FZD2_LRP5","Wnt4  - (Fzd2+Lrp5)","WNT","Secreted Signaling","KEGG: mmu04310; PMID: 23209147","Expanded",0.121115139644989,79.1479820627803,69.4408322496749,0.000118349331582508,NA,NA,NA,NA
"keratinocytes_basal","keratinocytes_basal","Wnt4","FZD5_LRP5",0.000787158897227524,0,"WNT4_FZD5_LRP5","Wnt4  - (Fzd5+Lrp5)","WNT","Secreted Signaling","KEGG: mmu04310; PMID: 23209147","Expanded",0.121115139644989,79.1479820627803,69.4408322496749,0.000118349331582508,NA,NA,NA,NA
"keratinocytes_basal","keratinocytes_basal","Wnt4","FZD6_LRP5",0.000988273831668758,0,"WNT4_FZD6_LRP5","Wnt4  - (Fzd6+Lrp5)","WNT","Secreted Signaling","KEGG: mmu04310; PMID: 23209147","Expanded",0.121115139644989,79.1479820627803,69.4408322496749,0.000118349331582508,NA,NA,NA,NA
"keratinocytes_basal","keratinocytes_basal","Wnt4","FZD7_LRP5",0.00130951484935278,0,"WNT4_FZD7_LRP5","Wnt4  - (Fzd7+Lrp5)","WNT","Secreted Signaling","KEGG: mmu04310; PMID: 23209147","Expanded",0.121115139644989,79.1479820627803,69.4408322496749,0.000118349331582508,0.129079756609741,42.7130044843049,23.5370611183355,4.85651810402209e-14
"keratinocytes_basal","Fibroblast 4","Wnt10a","FZD1_LRP6",0.00208609231353759,0,"WNT10A_FZD1_LRP6","Wnt10a  - (Fzd1+Lrp6)","WNT","Secreted Signaling","KEGG: mmu04310; PMID: 23209147","Expanded",0.129116871995311,57.7354260089686,34.5903771131339,5.45638010945093e-13,0.113181310639967,48.961937716263,33.969465648855,0.0139602886125827
"keratinocytes_basal","keratinocytes_basal","Wnt10a","FZD1_LRP6",0.000895950710186164,0,"WNT10A_FZD1_LRP6","Wnt10a  - (Fzd1+Lrp6)","WNT","Secreted Signaling","KEGG: mmu04310; PMID: 23209147","Expanded",0.129116871995311,57.7354260089686,34.5903771131339,5.45638010945093e-13,NA,NA,NA,NA
"keratinocytes_basal","keratinocytes_basal","Wnt10a","FZD10_LRP6",0.000662098116225875,0,"WNT10A_FZD10_LRP6","Wnt10a  - (Fzd10+Lrp6)","WNT","Secreted Signaling","KEGG: mmu04310; PMID: 23209147","Expanded",0.129116871995311,57.7354260089686,34.5903771131339,5.45638010945093e-13,NA,NA,NA,NA
"keratinocytes_basal","Fibroblast 4","Wnt10a","FZD2_LRP6",0.00187392274150045,0,"WNT10A_FZD2_LRP6","Wnt10a  - (Fzd2+Lrp6)","WNT","Secreted Signaling","KEGG: mmu04310; PMID: 23209147","Expanded",0.129116871995311,57.7354260089686,34.5903771131339,5.45638010945093e-13,0.141211896067087,58.477508650519,41.2213740458015,0.00368895101264071
"keratinocytes_basal","keratinocytes_basal","Wnt10a","FZD5_LRP6",0.000676220450084304,0,"WNT10A_FZD5_LRP6","Wnt10a  - (Fzd5+Lrp6)","WNT","Secreted Signaling","KEGG: mmu04310; PMID: 23209147","Expanded",0.129116871995311,57.7354260089686,34.5903771131339,5.45638010945093e-13,NA,NA,NA,NA
"keratinocytes_basal","keratinocytes_basal","Wnt10a","FZD6_LRP6",0.000849045552442038,0,"WNT10A_FZD6_LRP6","Wnt10a  - (Fzd6+Lrp6)","WNT","Secreted Signaling","KEGG: mmu04310; PMID: 23209147","Expanded",0.129116871995311,57.7354260089686,34.5903771131339,5.45638010945093e-13,NA,NA,NA,NA
"keratinocytes_basal","keratinocytes_basal","Wnt10a","FZD7_LRP6",0.00112514511093662,0,"WNT10A_FZD7_LRP6","Wnt10a  - (Fzd7+Lrp6)","WNT","Secreted Signaling","KEGG: mmu04310; PMID: 23209147","Expanded",0.129116871995311,57.7354260089686,34.5903771131339,5.45638010945093e-13,0.129079756609741,42.7130044843049,23.5370611183355,4.85651810402209e-14
"keratinocytes_basal","Fibroblast 4","Wnt4","FZD1_LRP6",0.0044209894159618,0,"WNT4_FZD1_LRP6","Wnt4  - (Fzd1+Lrp6)","WNT","Secreted Signaling","KEGG: mmu04310; PMID: 23209147","Expanded",0.121115139644989,79.1479820627803,69.4408322496749,0.000118349331582508,0.113181310639967,48.961937716263,33.969465648855,0.0139602886125827
"keratinocytes_basal","keratinocytes_basal","Wnt4","FZD10_LRP6",0.00140652183266574,0,"WNT4_FZD10_LRP6","Wnt4  - (Fzd10+Lrp6)","WNT","Secreted Signaling","KEGG: mmu04310; PMID: 23209147","Expanded",0.121115139644989,79.1479820627803,69.4408322496749,0.000118349331582508,NA,NA,NA,NA
"keratinocytes_basal","Fibroblast 4","Wnt4","FZD2_LRP6",0.00397298753571107,0,"WNT4_FZD2_LRP6","Wnt4  - (Fzd2+Lrp6)","WNT","Secreted Signaling","KEGG: mmu04310; PMID: 23209147","Expanded",0.121115139644989,79.1479820627803,69.4408322496749,0.000118349331582508,0.141211896067087,58.477508650519,41.2213740458015,0.00368895101264071
"Fibroblast 4","Fibroblast 4","Ereg","Egfr",0.00238291907230735,0,"EREG_EGFR","Ereg  - Egfr","EGF","Secreted Signaling","KEGG: mmu04012","Expanded",0.488219766471927,25.9515570934256,3.81679389312977,8.07434429633601e-08,NA,NA,NA,NA
"Fibroblast 4","keratinocytes_basal","Ereg","Egfr",0.00176244939838794,0,"EREG_EGFR","Ereg  - Egfr","EGF","Secreted Signaling","KEGG: mmu04012","Expanded",0.488219766471927,25.9515570934256,3.81679389312977,8.07434429633601e-08,NA,NA,NA,NA
"keratinocytes_basal","Fibroblast 4","Pdgfa","Pdgfra",0.0150094715800362,0,"PDGFA_PDGFRA","Pdgfa  - Pdgfra","PDGF","Secreted Signaling","PMID: 15207812","Expanded",0.131243218906575,68.2735426008969,50.5851755526658,4.10908388610672e-09,0.450771243122672,82.6989619377163,74.0458015267176,7.73219416465675e-09
"keratinocytes_basal","Fibroblast 4","Pdgfa","Pdgfrb",0.00969837956473859,0,"PDGFA_PDGFRB","Pdgfa  - Pdgfrb","PDGF","Secreted Signaling","PMID: 15207812","Expanded",0.131243218906575,68.2735426008969,50.5851755526658,4.10908388610672e-09,NA,NA,NA,NA
"Fibroblast 4","Fibroblast 4","Cxcl1","Ackr1",0.0105282053371927,0,"CXCL1_ACKR1","Cxcl1  - Ackr1","CXCL","Secreted Signaling","KEGG: mmu04060","Expanded",1.0291766538053,73.7024221453287,54.9618320610687,4.84183534362244e-09,NA,NA,NA,NA
"keratinocytes_basal","Fibroblast 4","Cxcl1","Ackr1",0.00061643369306365,0,"CXCL1_ACKR1","Cxcl1  - Ackr1","CXCL","Secreted Signaling","KEGG: mmu04060","Expanded",0.0829988053300327,31.1659192825112,26.6579973992198,0.032376044446706,NA,NA,NA,NA
"Fibroblast 4","Fibroblast 4","Cxcl2","Ackr1",0.00423717175226646,0,"CXCL2_ACKR1","Cxcl2  - Ackr1","CXCL","Secreted Signaling","KEGG: mmu04060","Expanded",1.08471755777881,51.2110726643599,17.5572519083969,8.81032041427232e-13,NA,NA,NA,NA
"keratinocytes_basal","keratinocytes_basal","Mif","CD74_CD44",0.0286498139760222,0,"MIF_CD74_CD44","Mif  - (Cd74+Cd44)","MIF","Secreted Signaling","PMID: 29637711; PMID: 26175090","Expanded",0.426660142201104,97.3094170403588,95.1885565669701,3.40997609131123e-48,-0.206399019766284,79.1479820627803,81.6644993498049,4.05249399699128e-09
"Fibroblast 4","Fibroblast 4","Mif","Ackr3",0.0365230098285877,0,"MIF_ACKR3","Mif  - Ackr3","MIF","Secreted Signaling","PMID: 26175090","Expanded",0.294109164808654,95.1557093425606,87.7862595419847,2.30218913283847e-05,NA,NA,NA,NA
"keratinocytes_basal","Fibroblast 4","Mif","Ackr3",0.0539713217122441,0,"MIF_ACKR3","Mif  - Ackr3","MIF","Secreted Signaling","PMID: 26175090","Expanded",0.426660142201104,97.3094170403588,95.1885565669701,3.40997609131123e-48,NA,NA,NA,NA
"Fibroblast 4","Fibroblast 4","Angptl2","ITGA5_ITGB1",0.0348774569910028,0,"ANGPTL2_ITGA5_ITGB1","Angptl2  - (Itga5+Itgb1)","ANGPTL","Secreted Signaling","PMID: 24478758","Expanded",0.320272652602135,76.4705882352941,55.7251908396947,1.63617832970133e-07,0.233561872145555,72.6643598615917,50.381679389313,6.596275773141e-07
"keratinocytes_basal","Fibroblast 4","Postn","ITGAV_ITGB3",0.00947019932408716,0,"POSTN_ITGAV_ITGB3","Postn  - (Itgav+Itgb3)","PERIOSTIN","Secreted Signaling","PMID: 26721738","Expanded",0.233771538793698,61.4349775784753,45.5136540962289,1.95863678145193e-10,0.123489204061955,41.522491349481,25.1908396946565,0.00187532111970317
"keratinocytes_basal","Fibroblast 4","Postn","ITGAV_ITGB5",0.00950659531781299,0,"POSTN_ITGAV_ITGB5","Postn  - (Itgav+Itgb5)","PERIOSTIN","Secreted Signaling","PMID: 26721738","Expanded",0.233771538793698,61.4349775784753,45.5136540962289,1.95863678145193e-10,-0.398168289466937,49.8269896193772,78.6259541984733,1.53405123464158e-16
"keratinocytes_basal","Fibroblast 4","Sema3c","NRP1_PLXNA1",0.00221762496499691,0,"SEMA3C_NRP1_PLXNA1","Sema3c  - (Nrp1+Plxna1)","SEMA3","Secreted Signaling","PMID: 27533782","Expanded",0.0515970890790942,62.3318385650224,47.7243172951886,0.000851645145747348,-0.146731272312071,32.8719723183391,41.9847328244275,0.0107217164634289
"keratinocytes_basal","Fibroblast 4","Sema3c","NRP2_PLXNA1",0.0042396864225666,0,"SEMA3C_NRP2_PLXNA1","Sema3c  - (Nrp2+Plxna1)","SEMA3","Secreted Signaling","PMID: 27533782","Expanded",0.0515970890790942,62.3318385650224,47.7243172951886,0.000851645145747348,-0.247063618054441,59.5155709342561,70.9923664122137,3.86813720664814e-05
"keratinocytes_basal","Fibroblast 4","Sema3c","NRP1_NRP2",0.00341985336076197,0,"SEMA3C_NRP1_NRP2","Sema3c  - (Nrp1+Nrp2)","SEMA3","Secreted Signaling","PMID: 27533782","Expanded",0.0515970890790942,62.3318385650224,47.7243172951886,0.000851645145747348,-0.196897445183256,46.1937716262976,56.4885496183206,0.00538019891774768
"keratinocytes_basal","Fibroblast 4","Sema3c","Plxnd1",0.00189902736894086,0,"SEMA3C_PLXND1","Sema3c  - Plxnd1","SEMA3","Secreted Signaling","PMID: 27533782","Expanded",0.0515970890790942,62.3318385650224,47.7243172951886,0.000851645145747348,NA,NA,NA,NA
"keratinocytes_basal","Fibroblast 4","Gas6","Axl",0.0162202355301317,0,"GAS6_AXL","Gas6  - Axl","GAS","Secreted Signaling","PMID: 27801848","Expanded",0.123318921304064,67.0403587443946,50.4551365409623,1.20380415303594e-08,NA,NA,NA,NA
"keratinocytes_basal","Fibroblast 4","Lgals9","Cd44",0.0329504592362305,0,"LGALS9_CD44","Lgals9  - Cd44","GALECTIN","Secreted Signaling","PMID: 25065622","Expanded",0.270636624892745,58.8565022421525,26.3979193758127,5.07551940405368e-36,0.455730535850261,93.4256055363322,83.206106870229,4.88753611093278e-09
"keratinocytes_basal","keratinocytes_basal","Lgals9","Cd44",0.0183474067899048,0,"LGALS9_CD44","Lgals9  - Cd44","GALECTIN","Secreted Signaling","PMID: 25065622","Expanded",0.270636624892745,58.8565022421525,26.3979193758127,5.07551940405368e-36,-0.206399019766284,79.1479820627803,81.6644993498049,4.05249399699128e-09
"keratinocytes_basal","Fibroblast 4","Lgals9","P4hb",0.0261929186056965,0,"LGALS9_P4HB","Lgals9 - P4hb","GALECTIN","Secreted Signaling","PMID:21670307;uniprot","Expanded",0.270636624892745,58.8565022421525,26.3979193758127,5.07551940405368e-36,NA,NA,NA,NA
"keratinocytes_basal","keratinocytes_basal","Lgals9","P4hb",0.0188185035065628,0,"LGALS9_P4HB","Lgals9 - P4hb","GALECTIN","Secreted Signaling","PMID:21670307;uniprot","Expanded",0.270636624892745,58.8565022421525,26.3979193758127,5.07551940405368e-36,0.186840308216795,83.7443946188341,69.5708712613784,3.43751705888709e-12
"Fibroblast 4","Fibroblast 4","Col4a2","ITGA1_ITGB1",0.0164719416354052,0,"COL4A2_ITGA1_ITGB1","Col4a2  - (Itga1+Itgb1)","COLLAGEN","ECM-Receptor","KEGG: mmu04512","Expanded",0.207522646104728,73.0103806228374,60.3053435114504,0.00171373523129636,0.33186870635585,42.560553633218,16.793893129771,3.35967063734995e-08
"Fibroblast 4","Fibroblast 4","Lamc3","ITGA1_ITGB1",0.0025280739230327,0,"LAMC3_ITGA1_ITGB1","Lamc3  - (Itga1+Itgb1)","LAMININ","ECM-Receptor","KEGG: mmu04512","Expanded",0.0907226271469651,31.4878892733564,18.3206106870229,0.00859248925370795,0.33186870635585,42.560553633218,16.793893129771,3.35967063734995e-08
"Fibroblast 4","keratinocytes_basal","Lamc3","ITGA3_ITGB1",0.00169481038543952,0,"LAMC3_ITGA3_ITGB1","Lamc3  - (Itga3+Itgb1)","LAMININ","ECM-Receptor","KEGG: mmu04512","Expanded",0.0907226271469651,31.4878892733564,18.3206106870229,0.00859248925370795,0.0626379999676262,43.3856502242152,31.2093628088427,1.45672682852921e-05
"Fibroblast 4","keratinocytes_basal","Thbs1","ITGA3_ITGB1",0.0381227514685977,0,"THBS1_ITGA3_ITGB1","Thbs1  - (Itga3+Itgb1)","THBS","ECM-Receptor","KEGG: mmu04512","Expanded",0.825791983797295,81.3148788927336,63.3587786259542,3.26461759927161e-07,0.0626379999676262,43.3856502242152,31.2093628088427,1.45672682852921e-05
"Fibroblast 4","keratinocytes_basal","Thbs2","ITGA3_ITGB1",0.0361645291715513,0,"THBS2_ITGA3_ITGB1","Thbs2  - (Itga3+Itgb1)","THBS","ECM-Receptor","KEGG: mmu04512","Expanded",0.718668058959438,95.8477508650519,80.1526717557252,7.08184078643758e-12,0.0626379999676262,43.3856502242152,31.2093628088427,1.45672682852921e-05
"Fibroblast 4","keratinocytes_basal","Col4a2","ITGA3_ITGB1",0.0110938381057929,0,"COL4A2_ITGA3_ITGB1","Col4a2  - (Itga3+Itgb1)","COLLAGEN","ECM-Receptor","KEGG: mmu04512","Expanded",0.207522646104728,73.0103806228374,60.3053435114504,0.00171373523129636,0.0626379999676262,43.3856502242152,31.2093628088427,1.45672682852921e-05
"Fibroblast 4","keratinocytes_basal","Lamc3","ITGA6_ITGB1",0.00541075495963543,0,"LAMC3_ITGA6_ITGB1","Lamc3  - (Itga6+Itgb1)","LAMININ","ECM-Receptor","KEGG: mmu04512","Expanded",0.0907226271469651,31.4878892733564,18.3206106870229,0.00859248925370795,NA,NA,NA,NA
"Fibroblast 4","Fibroblast 4","Tnc","ITGA9_ITGB1",0.0696771142389293,0,"TNC_ITGA9_ITGB1","Tnc  - (Itga9+Itgb1)","TENASCIN","ECM-Receptor","KEGG: mmu04512","Expanded",1.83549855633253,96.8858131487889,71.7557251908397,5.88662456570187e-32,NA,NA,NA,NA
"Fibroblast 4","Fibroblast 4","Col4a2","ITGA9_ITGB1",0.0122345222885209,0,"COL4A2_ITGA9_ITGB1","Col4a2  - (Itga9+Itgb1)","COLLAGEN","ECM-Receptor","KEGG: mmu04512","Expanded",0.207522646104728,73.0103806228374,60.3053435114504,0.00171373523129636,NA,NA,NA,NA
"Fibroblast 4","Fibroblast 4","Lamc3","ITGA9_ITGB1",0.001870901558018,0,"LAMC3_ITGA9_ITGB1","Lamc3  - (Itga9+Itgb1)","LAMININ","ECM-Receptor","KEGG: mmu04512","Expanded",0.0907226271469651,31.4878892733564,18.3206106870229,0.00859248925370795,NA,NA,NA,NA
"Fibroblast 4","Fibroblast 4","Tnc","ITGAV_ITGB3",0.0544779634525479,0,"TNC_ITGAV_ITGB3","Tnc  - (Itgav+Itgb3)","TENASCIN","ECM-Receptor","KEGG: mmu04512","Expanded",1.83549855633253,96.8858131487889,71.7557251908397,5.88662456570187e-32,0.123489204061955,41.522491349481,25.1908396946565,0.00187532111970317
"Fibroblast 4","Fibroblast 4","Thbs1","ITGAV_ITGB3",0.0325675019391882,0,"THBS1_ITGAV_ITGB3","Thbs1  - (Itgav+Itgb3)","THBS","ECM-Receptor","KEGG: mmu04512","Expanded",0.825791983797295,81.3148788927336,63.3587786259542,3.26461759927161e-07,0.123489204061955,41.522491349481,25.1908396946565,0.00187532111970317
"Fibroblast 4","Fibroblast 4","Thbs2","ITGAV_ITGB3",0.0308854693676413,0,"THBS2_ITGAV_ITGB3","Thbs2  - (Itgav+Itgb3)","THBS","ECM-Receptor","KEGG: mmu04512","Expanded",0.718668058959438,95.8477508650519,80.1526717557252,7.08184078643758e-12,0.123489204061955,41.522491349481,25.1908396946565,0.00187532111970317
"Fibroblast 4","keratinocytes_basal","Lamc3","ITGAV_ITGB8",0.000724212948621306,0,"LAMC3_ITGAV_ITGB8","Lamc3  - (Itgav+Itgb8)","LAMININ","ECM-Receptor","KEGG: mmu04512","Expanded",0.0907226271469651,31.4878892733564,18.3206106870229,0.00859248925370795,NA,NA,NA,NA
"Fibroblast 4","keratinocytes_basal","Col4a2","ITGAV_ITGB8",0.00476622980628227,0,"COL4A2_ITGAV_ITGB8","Col4a2  - (Itgav+Itgb8)","COLLAGEN","ECM-Receptor","KEGG: mmu04512","Expanded",0.207522646104728,73.0103806228374,60.3053435114504,0.00171373523129636,NA,NA,NA,NA
"Fibroblast 4","keratinocytes_basal","Lamc3","ITGA6_ITGB4",0.00463426181402347,0,"LAMC3_ITGA6_ITGB4","Lamc3  - (Itga6+Itgb4)","LAMININ","ECM-Receptor","KEGG: mmu04512","Expanded",0.0907226271469651,31.4878892733564,18.3206106870229,0.00859248925370795,0.246261703156235,76.1210762331839,55.6566970091027,4.12533641425225e-20
"Fibroblast 4","Fibroblast 4","Col4a2","Cd44",0.0474705360062573,0,"COL4A2_CD44","Col4a2  - Cd44","COLLAGEN","ECM-Receptor","KEGG: mmu04512","Expanded",0.207522646104728,73.0103806228374,60.3053435114504,0.00171373523129636,0.455730535850261,93.4256055363322,83.206106870229,4.88753611093278e-09
"Fibroblast 4","keratinocytes_basal","Col4a2","Cd44",0.0266095136874934,0,"COL4A2_CD44","Col4a2  - Cd44","COLLAGEN","ECM-Receptor","KEGG: mmu04512","Expanded",0.207522646104728,73.0103806228374,60.3053435114504,0.00171373523129636,-0.206399019766284,79.1479820627803,81.6644993498049,4.05249399699128e-09
"Fibroblast 4","Fibroblast 4","Lamc3","Cd44",0.00748537699710866,0,"LAMC3_CD44","Lamc3  - Cd44","LAMININ","ECM-Receptor","KEGG: mmu04512","Expanded",0.0907226271469651,31.4878892733564,18.3206106870229,0.00859248925370795,0.455730535850261,93.4256055363322,83.206106870229,4.88753611093278e-09
"Fibroblast 4","keratinocytes_basal","Lamc3","Cd44",0.00411991196706696,0,"LAMC3_CD44","Lamc3  - Cd44","LAMININ","ECM-Receptor","KEGG: mmu04512","Expanded",0.0907226271469651,31.4878892733564,18.3206106870229,0.00859248925370795,-0.206399019766284,79.1479820627803,81.6644993498049,4.05249399699128e-09
"Fibroblast 4","Fibroblast 4","Col4a2","Sdc1",0.012737284812953,0,"COL4A2_SDC1","Col4a2  - Sdc1","COLLAGEN","ECM-Receptor","KEGG: mmu04512","Expanded",0.207522646104728,73.0103806228374,60.3053435114504,0.00171373523129636,0.208911711241058,59.8615916955017,39.6946564885496,0.000176095855529098
"Fibroblast 4","keratinocytes_basal","Col4a2","Sdc1",0.0352890789921489,0,"COL4A2_SDC1","Col4a2  - Sdc1","COLLAGEN","ECM-Receptor","KEGG: mmu04512","Expanded",0.207522646104728,73.0103806228374,60.3053435114504,0.00171373523129636,0.1969794190922,89.4618834080718,80.6241872561769,4.30418626139149e-10
"Fibroblast 4","Fibroblast 4","Tnc","Sdc1",0.0723674672722796,0,"TNC_SDC1","Tnc  - Sdc1","TENASCIN","ECM-Receptor","KEGG: mmu04512","Expanded",1.83549855633253,96.8858131487889,71.7557251908397,5.88662456570187e-32,0.208911711241058,59.8615916955017,39.6946564885496,0.000176095855529098
"Fibroblast 4","keratinocytes_basal","Tnc","Sdc1",0.181126919614576,0,"TNC_SDC1","Tnc  - Sdc1","TENASCIN","ECM-Receptor","KEGG: mmu04512","Expanded",1.83549855633253,96.8858131487889,71.7557251908397,5.88662456570187e-32,0.1969794190922,89.4618834080718,80.6241872561769,4.30418626139149e-10
"Fibroblast 4","keratinocytes_basal","Thbs1","Sdc1",0.114444927536969,0,"THBS1_SDC1","Thbs1  - Sdc1","THBS","ECM-Receptor","KEGG: mmu04512","Expanded",0.825791983797295,81.3148788927336,63.3587786259542,3.26461759927161e-07,0.1969794190922,89.4618834080718,80.6241872561769,4.30418626139149e-10
"Fibroblast 4","Fibroblast 4","Thbs2","Sdc1",0.0413666021030747,0,"THBS2_SDC1","Thbs2  - Sdc1","THBS","ECM-Receptor","KEGG: mmu04512","Expanded",0.718668058959438,95.8477508650519,80.1526717557252,7.08184078643758e-12,0.208911711241058,59.8615916955017,39.6946564885496,0.000176095855529098
"Fibroblast 4","keratinocytes_basal","Thbs2","Sdc1",0.1090106236231,0,"THBS2_SDC1","Thbs2  - Sdc1","THBS","ECM-Receptor","KEGG: mmu04512","Expanded",0.718668058959438,95.8477508650519,80.1526717557252,7.08184078643758e-12,0.1969794190922,89.4618834080718,80.6241872561769,4.30418626139149e-10
"Fibroblast 4","Fibroblast 4","Col4a2","Sdc4",0.073372908411293,0,"COL4A2_SDC4","Col4a2  - Sdc4","COLLAGEN","ECM-Receptor","KEGG: mmu04512","Expanded",0.207522646104728,73.0103806228374,60.3053435114504,0.00171373523129636,0.375406081520628,98.6159169550173,99.236641221374,4.60317035334315e-07
"Fibroblast 4","keratinocytes_basal","Col4a2","Sdc4",0.0553480664390104,0,"COL4A2_SDC4","Col4a2  - Sdc4","COLLAGEN","ECM-Receptor","KEGG: mmu04512","Expanded",0.207522646104728,73.0103806228374,60.3053435114504,0.00171373523129636,-0.155895751028567,96.9730941704036,96.7490247074122,1.03545249810201e-05
"Fibroblast 4","Fibroblast 4","Tnc","Sdc4",0.323775972677954,0,"TNC_SDC4","Tnc  - Sdc4","TENASCIN","ECM-Receptor","KEGG: mmu04512","Expanded",1.83549855633253,96.8858131487889,71.7557251908397,5.88662456570187e-32,0.375406081520628,98.6159169550173,99.236641221374,4.60317035334315e-07
"Fibroblast 4","keratinocytes_basal","Tnc","Sdc4",0.26160349691171,0,"TNC_SDC4","Tnc  - Sdc4","TENASCIN","ECM-Receptor","KEGG: mmu04512","Expanded",1.83549855633253,96.8858131487889,71.7557251908397,5.88662456570187e-32,-0.155895751028567,96.9730941704036,96.7490247074122,1.03545249810201e-05
"Fibroblast 4","Fibroblast 4","Thbs1","Sdc4",0.218596788504296,0,"THBS1_SDC4","Thbs1  - Sdc4","THBS","ECM-Receptor","KEGG: mmu04512","Expanded",0.825791983797295,81.3148788927336,63.3587786259542,3.26461759927161e-07,0.375406081520628,98.6159169550173,99.236641221374,4.60317035334315e-07
"Fibroblast 4","keratinocytes_basal","Thbs1","Sdc4",0.171498975534624,0,"THBS1_SDC4","Thbs1  - Sdc4","THBS","ECM-Receptor","KEGG: mmu04512","Expanded",0.825791983797295,81.3148788927336,63.3587786259542,3.26461759927161e-07,-0.155895751028567,96.9730941704036,96.7490247074122,1.03545249810201e-05
"Fibroblast 4","Fibroblast 4","Thbs2","Sdc4",0.209386293637982,0,"THBS2_SDC4","Thbs2  - Sdc4","THBS","ECM-Receptor","KEGG: mmu04512","Expanded",0.718668058959438,95.8477508650519,80.1526717557252,7.08184078643758e-12,0.375406081520628,98.6159169550173,99.236641221374,4.60317035334315e-07
"Fibroblast 4","keratinocytes_basal","Thbs2","Sdc4",0.163856799435002,0,"THBS2_SDC4","Thbs2  - Sdc4","THBS","ECM-Receptor","KEGG: mmu04512","Expanded",0.718668058959438,95.8477508650519,80.1526717557252,7.08184078643758e-12,-0.155895751028567,96.9730941704036,96.7490247074122,1.03545249810201e-05
"Fibroblast 4","Fibroblast 4","Thbs1","Cd47",0.143874714111061,0,"THBS1_CD47","Thbs1  - Cd47","THBS","ECM-Receptor","KEGG: mmu04512","Expanded",0.825791983797295,81.3148788927336,63.3587786259542,3.26461759927161e-07,-0.379701377760228,93.7716262975779,99.236641221374,1.64742924314481e-08
"Fibroblast 4","keratinocytes_basal","Thbs1","Cd47",0.0704142678839618,0,"THBS1_CD47","Thbs1  - Cd47","THBS","ECM-Receptor","KEGG: mmu04512","Expanded",0.825791983797295,81.3148788927336,63.3587786259542,3.26461759927161e-07,0.0720873142381256,78.47533632287,64.889466840052,0.00111226801075233
"Fibroblast 4","Fibroblast 4","Thbs2","Cd47",0.13725956749977,0,"THBS2_CD47","Thbs2  - Cd47","THBS","ECM-Receptor","KEGG: mmu04512","Expanded",0.718668058959438,95.8477508650519,80.1526717557252,7.08184078643758e-12,-0.379701377760228,93.7716262975779,99.236641221374,1.64742924314481e-08
"Fibroblast 4","keratinocytes_basal","Thbs2","Cd47",0.0669127384848649,0,"THBS2_CD47","Thbs2  - Cd47","THBS","ECM-Receptor","KEGG: mmu04512","Expanded",0.718668058959438,95.8477508650519,80.1526717557252,7.08184078643758e-12,0.0720873142381256,78.47533632287,64.889466840052,0.00111226801075233
"keratinocytes_basal","keratinocytes_basal","Efnb2","Epha4",0.0127017194757282,0,"EFNB2_EPHA4","Efnb2  - Epha4","EPHB","Cell-Cell Contact","PMID: 15114347","Expanded",0.125702457171301,76.3452914798206,69.0507152145644,0.00061905396863719,-0.0955559565459627,51.6816143497758,51.8855656697009,0.00756005945269454
"Fibroblast 4","Fibroblast 4","Efnb2","Ephb2",0.00055839387639083,0,"EFNB2_EPHB2","Efnb2  - Ephb2","EPHB","Cell-Cell Contact","PMID: 15114347","Expanded",0.300579729831117,48.7889273356401,20.6106870229008,1.27321006315255e-08,NA,NA,NA,NA
"keratinocytes_basal","Fibroblast 4","Efnb2","Ephb2",0.00285115285979554,0,"EFNB2_EPHB2","Efnb2  - Ephb2","EPHB","Cell-Cell Contact","PMID: 15114347","Expanded",0.125702457171301,76.3452914798206,69.0507152145644,0.00061905396863719,NA,NA,NA,NA
"keratinocytes_basal","keratinocytes_basal","Efnb2","Ephb4",0.00228316868996747,0,"EFNB2_EPHB4","Efnb2  - Ephb4","EPHB","Cell-Cell Contact","PMID: 15114347","Expanded",0.125702457171301,76.3452914798206,69.0507152145644,0.00061905396863719,0.0510745318500949,26.457399103139,13.7841352405722,3.13046884659511e-09
"Fibroblast 4","Fibroblast 4","Nectin1","Cadm3",0.00254848324461079,0,"NECTIN1_CADM3","Nectin1  - Cadm3","NECTIN","Cell-Cell Contact","PMID: 23027581","Expanded",0.0647777942310371,29.0657439446367,13.7404580152672,0.00164305124564435,-0.151030895669166,69.5501730103806,87.0229007633588,0.0258570328803828
"keratinocytes_basal","Fibroblast 4","Nectin1","Cadm3",0.0152183745317976,0,"NECTIN1_CADM3","Nectin1  - Cadm3","NECTIN","Cell-Cell Contact","PMID: 23027581","Expanded",0.0643130784061993,62.219730941704,49.2847854356307,0.000537335560488712,-0.151030895669166,69.5501730103806,87.0229007633588,0.0258570328803828
"Fibroblast 4","Fibroblast 4","Nectin1","Nectin3",0.000886603190463232,0,"NECTIN1_NECTIN3","Nectin1  - Nectin3","NECTIN","Cell-Cell Contact","KEGG: mmu04514","Expanded",0.0647777942310371,29.0657439446367,13.7404580152672,0.00164305124564435,NA,NA,NA,NA
"keratinocytes_basal","Fibroblast 4","Nectin1","Nectin3",0.00533860897093312,0,"NECTIN1_NECTIN3","Nectin1  - Nectin3","NECTIN","Cell-Cell Contact","KEGG: mmu04514","Expanded",0.0643130784061993,62.219730941704,49.2847854356307,0.000537335560488712,NA,NA,NA,NA
"Fibroblast 4","keratinocytes_basal","Dll1","Notch1",0.00380292231765664,0,"DLL1_NOTCH1","Dll1  - Notch1","NOTCH","Cell-Cell Contact","PMID: 22353464","Expanded",0.193925907419576,35.9861591695502,14.5038167938931,4.54873851882084e-06,NA,NA,NA,NA
"keratinocytes_basal","keratinocytes_basal","Jag2","Notch1",0.0136759592326177,0,"JAG2_NOTCH1","Jag2  - Notch1","NOTCH","Cell-Cell Contact","PMID: 22353464","Expanded",0.105140867727053,64.4618834080718,49.0247074122237,3.27685802548169e-07,NA,NA,NA,NA
"keratinocytes_basal","Fibroblast 4","Jag2","Notch2",0.00291104972150316,0,"JAG2_NOTCH2","Jag2  - Notch2","NOTCH","Cell-Cell Contact","PMID: 22353464","Expanded",0.105140867727053,64.4618834080718,49.0247074122237,3.27685802548169e-07,NA,NA,NA,NA
"Fibroblast 4","Fibroblast 4","Dll1","Notch2",0.000803157621449522,0,"DLL1_NOTCH2","Dll1  - Notch2","NOTCH","Cell-Cell Contact","PMID: 22353464","Expanded",0.193925907419576,35.9861591695502,14.5038167938931,4.54873851882084e-06,NA,NA,NA,NA
"keratinocytes_basal","keratinocytes_basal","Cdh3","Cdh3",0.00478294440474086,0,"CDH3_CDH3","Cdh3 - Cdh3","CDH","Cell-Cell Contact","KEGG: hsa04514","Expanded",0.0608940250666329,54.372197309417,40.0520156046814,7.22150358827559e-05,0.0608940250666329,54.372197309417,40.0520156046814,7.22150358827559e-05
"keratinocytes_basal","keratinocytes_basal","Dsc3","Dsg3",0.0673980644679041,0,"DSC3_DSG3","Dsc3 - Dsg3","DESMOSOME","Cell-Cell Contact","PMID: 27298358","Expanded",0.0867611180275778,94.9551569506726,91.2873862158648,0.0129050226690638,0.300223081836573,83.2959641255605,63.5890767230169,2.11971804064445e-22
"Fibroblast 4","Fibroblast 4","Gja1","Gja1",0.193409185965879,0,"GJA1_GJA1","Gja1 - Gja1","GAP","Cell-Cell Contact","PMID: 32532966;PMID: 15094344","Expanded",0.325383496502101,97.9238754325259,97.7099236641221,9.82878163724459e-06,0.325383496502101,97.9238754325259,97.7099236641221,9.82878163724459e-06
"Fibroblast 4","Fibroblast 4","Gjc1","Gja1",0.0134172291975055,0,"GJC1_GJA1","Gjc1 - Gja1","GAP","Cell-Cell Contact","PMID: 32532966;PMID: 15094344","Expanded",0.106832052040163,40.4844290657439,21.3740458015267,0.000440931129622484,0.325383496502101,97.9238754325259,97.7099236641221,9.82878163724459e-06
"Fibroblast 4","keratinocytes_basal","Gjc1","Gja1",0.00158076683684405,0,"GJC1_GJA1","Gjc1 - Gja1","GAP","Cell-Cell Contact","PMID: 32532966;PMID: 15094344","Expanded",0.106832052040163,40.4844290657439,21.3740458015267,0.000440931129622484,-0.412357785194015,43.0493273542601,55.5266579973992,1.85726903176806e-16
"Fibroblast 4","Fibroblast 4","Gjc1","Gjc1",0.000770725888364301,0,"GJC1_GJC1","Gjc1 - Gjc1","GAP","Cell-Cell Contact","PMID: 32532966;PMID: 15094344","Expanded",0.106832052040163,40.4844290657439,21.3740458015267,0.000440931129622484,0.106832052040163,40.4844290657439,21.3740458015267,0.000440931129622484
"Fibroblast 4","Fibroblast 4","Sdc1","Adgra2",0.0075978897426728,0,"SDC1_ADGRA2","Sdc1 - Adgra2","ADGRA","Cell-Cell Contact","PMID: 31462748","Expanded",0.208911711241058,59.8615916955017,39.6946564885496,0.000176095855529098,NA,NA,NA,NA
"keratinocytes_basal","Fibroblast 4","Sdc1","Adgra2",0.0212460328190176,0,"SDC1_ADGRA2","Sdc1 - Adgra2","ADGRA","Cell-Cell Contact","PMID: 31462748","Expanded",0.1969794190922,89.4618834080718,80.6241872561769,4.30418626139149e-10,NA,NA,NA,NA
"keratinocytes_basal","Fibroblast 4","Sdc2","Adgra2",0.0012289578715649,0,"SDC2_ADGRA2","Sdc2 - Adgra2","ADGRA","Cell-Cell Contact","PMID: 31462748","Expanded",0.0570396051604081,28.9237668161435,16.5149544863459,2.83925882471473e-08,NA,NA,NA,NA
"Fibroblast 4","Fibroblast 4","ITGAV_ITGB3","Adgra2",0.00562261508286921,0,"ITGAV_ITGB3_ADGRA2","(Itgav+Itgb3) - Adgra2","ADGRA","Cell-Cell Contact","PMID: 31462748","Expanded",0.123489204061955,41.522491349481,25.1908396946565,0.00187532111970317,NA,NA,NA,NA
"Fibroblast 4","Fibroblast 4","ITGAV_ITGB3","Adgre5",0.00128162918119618,0,"ITGAV_ITGB3_ADGRE5","(Itgav+Itgb3) - Adgre5","ADGRE","Cell-Cell Contact","PMID: 31462748","Expanded",0.123489204061955,41.522491349481,25.1908396946565,0.00187532111970317,0.0505144736729813,31.1418685121107,19.0839694656489,0.0260289457453802
"Fibroblast 4","keratinocytes_basal","Col4a2","Adgrg6",0.00439194718283528,0,"COL4A2_ADGRG6","Col4a2 - Adgrg6","ADGRG","Cell-Cell Contact","PMID: 31462748","Expanded",0.207522646104728,73.0103806228374,60.3053435114504,0.00171373523129636,0.0977223982888894,43.9461883408072,26.3979193758127,1.76074133729015e-10
"keratinocytes_basal","keratinocytes_basal","Prnp","Adgrg6",0.00738301407570759,0,"PRNP_ADGRG6","Prnp - Adgrg6","ADGRG","Cell-Cell Contact","PMID: 31462748","Expanded",0.205875463888424,87.5560538116592,75.9427828348504,2.60360905331497e-11,0.0977223982888894,43.9461883408072,26.3979193758127,1.76074133729015e-10
"keratinocytes_basal","Fibroblast 4","Mmp2","MMP14_ITGAV_ITGB3",0.00422044689416199,0,"MMP2_INTEGRIN_AVB3_COMPLEX","Mmp2 - Integrin_avb3","MMP","Cell-Cell Contact","PMID: 29986882","Expanded",0.115378193491649,43.8340807174888,26.9180754226268,1.19664479752078e-11,0.123489204061955,41.522491349481,25.1908396946565,0.00187532111970317
